"","Rotation","Crop_ID","Corn_weed_management","Crop","Parameter","Rank","Value","Value_rounded","ln_Value","ln_Value_rounded"
"1","2-year","C2","conventional","corn","t_11_s",25,928.222414132853,"928.22",6.83327137447162,"6.83"
"2","2-year","C2","conventional","corn","t_21_s",24,909.140327039566,"909.14",6.8124994574439,"6.81"
"3","2-year","C2","conventional","corn","t_12_s",21,2.1552502801914,"2.16",0.76790685611202,"0.77"
"4","2-year","C2","conventional","corn","t_22_s",20,2.11094336309022,"2.11",0.747134939084298,"0.75"
"5","2-year","C2","conventional","corn","d",22,771.895845712838,"771.9",6.6488496260432,"6.65"
"6","2-year","C2","conventional","corn","g_1",1,0,"0",-Inf,"-Inf"
"7","2-year","C2","conventional","corn","g_2",1,0,"0",-Inf,"-Inf"
"8","2-year","C2","conventional","corn","g_3",1,0,"0",-Inf,"-Inf"
"9","2-year","C2","conventional","corn","g_4",1,0,"0",-Inf,"-Inf"
"10","2-year","C2","conventional","corn","g_5",1,0,"0",-Inf,"-Inf"
"11","2-year","C2","conventional","corn","g_6",1,0,"0",-Inf,"-Inf"
"12","2-year","C2","conventional","corn","s_s1",15,0.699439242946709,"0.7",-0.357476346480686,"-0.36"
"13","2-year","C2","conventional","corn","s_s2",14,0.466956371926599,"0.47",-0.761519447676064,"-0.76"
"14","2-year","C2","conventional","corn","s_p1",1,0,"0",-Inf,"-Inf"
"15","2-year","C2","conventional","corn","s_p2",1,0,"0",-Inf,"-Inf"
"16","2-year","C2","conventional","corn","s_p3",1,0,"0",-Inf,"-Inf"
"17","2-year","C2","conventional","corn","s_p4",1,0,"0",-Inf,"-Inf"
"18","2-year","C2","conventional","corn","s_p5",1,0,"0",-Inf,"-Inf"
"19","2-year","C2","conventional","corn","s_p6",1,0,"0",-Inf,"-Inf"
"20","2-year","C2","conventional","corn","f_1",31,57575494.7660145,"57575494.77",17.8686075970516,"17.87"
"21","2-year","C2","conventional","corn","f_2",30,13609686.5107721,"13609686.51",16.4262923406204,"16.43"
"22","2-year","C2","conventional","corn","f_3",29,2965551.01110348,"2965551.01",14.9025734116316,"14.9"
"23","2-year","C2","conventional","corn","f_4",28,321503.666569795,"321503.67",12.6807642271665,"12.68"
"24","2-year","C2","conventional","corn","f_5",26,64789.5879494884,"64789.59",11.0789001896381,"11.08"
"25","2-year","C2","conventional","corn","f_6",27,72782.5869192301,"72782.59",11.1952320149042,"11.2"
"26","2-year","C2","conventional","corn","t_11_f",16,0.826992299283461,"0.83",-0.18995989563002,"-0.19"
"27","2-year","C2","conventional","corn","t_21_f",17,0.924709984715672,"0.92",-0.0782751206676408,"-0.08"
"28","2-year","C2","conventional","corn","t_12_f",18,1.24284444194611,"1.24",0.217402657429188,"0.22"
"29","2-year","C2","conventional","corn","t_22_f",19,1.38969935501421,"1.39",0.329087432391567,"0.33"
"30","2-year","C2","conventional","corn","o_11",23,891.071169032968,"891.07",6.79242429973881,"6.79"
"31","2-year","C2","conventional","corn","o_22",13,0.341512746780554,"0.34",-1.07437027480975,"-1.07"
"32","2-year","C2","low","corn","t_11_s",25,165.29804210643,"165.3",5.10775016027062,"5.11"
"33","2-year","C2","low","corn","t_21_s",24,161.899900036383,"161.9",5.0869782432429,"5.09"
"34","2-year","C2","low","corn","t_12_s",21,0.383807421735005,"0.38",-0.957614358088978,"-0.96"
"35","2-year","C2","low","corn","t_22_s",20,0.375917236648881,"0.38",-0.9783862751167,"-0.98"
"36","2-year","C2","low","corn","d",22,137.459374029032,"137.46",4.9233284118422,"4.92"
"37","2-year","C2","low","corn","g_1",1,0,"0",-Inf,"-Inf"
"38","2-year","C2","low","corn","g_2",1,0,"0",-Inf,"-Inf"
"39","2-year","C2","low","corn","g_3",1,0,"0",-Inf,"-Inf"
"40","2-year","C2","low","corn","g_4",1,0,"0",-Inf,"-Inf"
"41","2-year","C2","low","corn","g_5",1,0,"0",-Inf,"-Inf"
"42","2-year","C2","low","corn","g_6",1,0,"0",-Inf,"-Inf"
"43","2-year","C2","low","corn","s_s1",15,0.124556287018239,"0.12",-2.08299756068168,"-2.08"
"44","2-year","C2","low","corn","s_s2",14,0.0831556886079902,"0.08",-2.48704066187706,"-2.49"
"45","2-year","C2","low","corn","s_p1",1,0,"0",-Inf,"-Inf"
"46","2-year","C2","low","corn","s_p2",1,0,"0",-Inf,"-Inf"
"47","2-year","C2","low","corn","s_p3",1,0,"0",-Inf,"-Inf"
"48","2-year","C2","low","corn","s_p4",1,0,"0",-Inf,"-Inf"
"49","2-year","C2","low","corn","s_p5",1,0,"0",-Inf,"-Inf"
"50","2-year","C2","low","corn","s_p6",1,0,"0",-Inf,"-Inf"
"51","2-year","C2","low","corn","f_1",31,13561459.8552244,"13561459.86",16.4227424936216,"16.42"
"52","2-year","C2","low","corn","f_2",30,3205655.77435509,"3205655.77",14.9804272371904,"14.98"
"53","2-year","C2","low","corn","f_3",29,698512.468701171,"698512.47",13.4567083082015,"13.46"
"54","2-year","C2","low","corn","f_4",28,75727.6873644407,"75727.69",11.2348991237364,"11.23"
"55","2-year","C2","low","corn","f_5",26,15260.6833790018,"15260.68",9.63303508620808,"9.63"
"56","2-year","C2","low","corn","f_6",27,17143.3721008534,"17143.37",9.74936691147415,"9.75"
"57","2-year","C2","low","corn","t_11_f",16,0.147270962031612,"0.15",-1.91548110983102,"-1.92"
"58","2-year","C2","low","corn","t_21_f",17,0.164672547939453,"0.16",-1.80379633486864,"-1.8"
"59","2-year","C2","low","corn","t_12_f",18,0.221325998778506,"0.22",-1.50811855677181,"-1.51"
"60","2-year","C2","low","corn","t_22_f",19,0.247477952485145,"0.25",-1.39643378180943,"-1.4"
"61","2-year","C2","low","corn","o_11",23,158.68214059045,"158.68",5.06690308553781,"5.07"
"62","2-year","C2","low","corn","o_22",13,0.0608166615432912,"0.06",-2.79989148901074,"-2.8"
"63","2-year","S2","conventional","soybean","t_11_s",23,775.623513939667,"775.62",6.65366724000496,"6.65"
"64","2-year","S2","conventional","soybean","t_21_s",22,759.835858858071,"759.84",6.63310243476763,"6.63"
"65","2-year","S2","conventional","soybean","t_12_s",21,541.409973779586,"541.41",6.29417679921145,"6.29"
"66","2-year","S2","conventional","soybean","t_22_s",20,530.389686526622,"530.39",6.27361199397412,"6.27"
"67","2-year","S2","conventional","soybean","d",25,1094.74564846317,"1094.75",6.99827733075986,"7"
"68","2-year","S2","conventional","soybean","g_1",1,0,"0",-Inf,"-Inf"
"69","2-year","S2","conventional","soybean","g_2",1,0,"0",-Inf,"-Inf"
"70","2-year","S2","conventional","soybean","g_3",1,0,"0",-Inf,"-Inf"
"71","2-year","S2","conventional","soybean","g_4",1,0,"0",-Inf,"-Inf"
"72","2-year","S2","conventional","soybean","g_5",1,0,"0",-Inf,"-Inf"
"73","2-year","S2","conventional","soybean","g_6",1,0,"0",-Inf,"-Inf"
"74","2-year","S2","conventional","soybean","s_s1",16,0.250528285822976,"0.25",-1.38418344737492,"-1.38"
"75","2-year","S2","conventional","soybean","s_s2",14,0.136334373488139,"0.14",-1.9926447821392,"-1.99"
"76","2-year","S2","conventional","soybean","s_p1",1,0,"0",-Inf,"-Inf"
"77","2-year","S2","conventional","soybean","s_p2",1,0,"0",-Inf,"-Inf"
"78","2-year","S2","conventional","soybean","s_p3",1,0,"0",-Inf,"-Inf"
"79","2-year","S2","conventional","soybean","s_p4",1,0,"0",-Inf,"-Inf"
"80","2-year","S2","conventional","soybean","s_p5",1,0,"0",-Inf,"-Inf"
"81","2-year","S2","conventional","soybean","s_p6",1,0,"0",-Inf,"-Inf"
"82","2-year","S2","conventional","soybean","f_1",30,49791081.3542199,"49791081.35",17.7233464366838,"17.72"
"83","2-year","S2","conventional","soybean","f_2",31,255759052.168875,"255759052.17",19.3597463567693,"19.36"
"84","2-year","S2","conventional","soybean","f_3",29,23079354.1629134,"23079354.16",16.9544490166699,"16.95"
"85","2-year","S2","conventional","soybean","f_4",28,16690696.0821874,"16690696.08",16.6303620013104,"16.63"
"86","2-year","S2","conventional","soybean","f_5",27,13315841.5261276,"13315841.53",16.4044649765945,"16.4"
"87","2-year","S2","conventional","soybean","f_6",26,12681237.2743331,"12681237.27",16.3556340790532,"16.36"
"88","2-year","S2","conventional","soybean","t_11_f",19,0.496611898157493,"0.5",-0.699946446957286,"-0.7"
"89","2-year","S2","conventional","soybean","t_21_f",17,0.281731438988942,"0.28",-1.26680100582254,"-1.27"
"90","2-year","S2","conventional","soybean","t_12_f",18,0.339857025199924,"0.34",-1.07923026393066,"-1.08"
"91","2-year","S2","conventional","soybean","t_22_f",15,0.192803291897188,"0.19",-1.64608482279591,"-1.65"
"92","2-year","S2","conventional","soybean","o_11",24,1066.53521888531,"1066.54",6.97217056023096,"6.97"
"93","2-year","S2","conventional","soybean","o_22",13,0.000907925567958995,"0",-7.00434815633644,"-7"
"94","2-year","S2","low","soybean","t_11_s",23,138.123197968354,"138.12",4.92814602580396,"4.93"
"95","2-year","S2","low","soybean","t_21_s",22,135.311729041613,"135.31",4.90758122056663,"4.91"
"96","2-year","S2","low","soybean","t_12_s",21,96.4144016348326,"96.41",4.56865558501045,"4.57"
"97","2-year","S2","low","soybean","t_22_s",20,94.4519065704712,"94.45",4.54809077977312,"4.55"
"98","2-year","S2","low","soybean","d",25,194.952534586819,"194.95",5.27275611655886,"5.27"
"99","2-year","S2","low","soybean","g_1",1,0,"0",-Inf,"-Inf"
"100","2-year","S2","low","soybean","g_2",1,0,"0",-Inf,"-Inf"
"101","2-year","S2","low","soybean","g_3",1,0,"0",-Inf,"-Inf"
"102","2-year","S2","low","soybean","g_4",1,0,"0",-Inf,"-Inf"
"103","2-year","S2","low","soybean","g_5",1,0,"0",-Inf,"-Inf"
"104","2-year","S2","low","soybean","g_6",1,0,"0",-Inf,"-Inf"
"105","2-year","S2","low","soybean","s_s1",16,0.044614129661483,"0.04",-3.10970466157592,"-3.11"
"106","2-year","S2","low","soybean","s_s2",14,0.0242784538126555,"0.02",-3.71816599634019,"-3.72"
"107","2-year","S2","low","soybean","s_p1",1,0,"0",-Inf,"-Inf"
"108","2-year","S2","low","soybean","s_p2",1,0,"0",-Inf,"-Inf"
"109","2-year","S2","low","soybean","s_p3",1,0,"0",-Inf,"-Inf"
"110","2-year","S2","low","soybean","s_p4",1,0,"0",-Inf,"-Inf"
"111","2-year","S2","low","soybean","s_p5",1,0,"0",-Inf,"-Inf"
"112","2-year","S2","low","soybean","s_p6",1,0,"0",-Inf,"-Inf"
"113","2-year","S2","low","soybean","f_1",30,10606442.2875928,"10606442.29",16.1769721374496,"16.18"
"114","2-year","S2","low","soybean","f_2",31,54481516.6206209,"54481516.62",17.8133720575352,"17.81"
"115","2-year","S2","low","soybean","f_3",29,4916339.05723781,"4916339.06",15.4080747174357,"15.41"
"116","2-year","S2","low","soybean","f_4",28,3555434.02393829,"3555434.02",15.0839877020762,"15.08"
"117","2-year","S2","low","soybean","f_5",27,2836526.15722182,"2836526.16",14.8580906773603,"14.86"
"118","2-year","S2","low","soybean","f_6",26,2701343.44600021,"2701343.45",14.809259779819,"14.81"
"119","2-year","S2","low","soybean","t_11_f",19,0.0884367509363354,"0.09",-2.42546766115828,"-2.43"
"120","2-year","S2","low","soybean","t_21_f",17,0.0501707937188788,"0.05",-2.99232222002354,"-2.99"
"121","2-year","S2","low","soybean","t_12_f",18,0.0605218102970981,"0.06",-2.80475147813165,"-2.8"
"122","2-year","S2","low","soybean","t_22_f",15,0.0343344506413935,"0.03",-3.37160603699691,"-3.37"
"123","2-year","S2","low","soybean","o_11",24,189.928815373403,"189.93",5.24664934602996,"5.25"
"124","2-year","S2","low","soybean","o_22",13,0.000161683575484646,"0",-8.72986937053744,"-8.73"
"125","3-year","C3","conventional","corn","t_11_s",17,5.49955817501924,"5.5",1.70466775719697,"1.7"
"126","3-year","C3","conventional","corn","t_21_s",21,29.1622008521205,"29.16",3.37287337933079,"3.37"
"127","3-year","C3","conventional","corn","t_12_s",22,274.575713498256,"274.58",5.6152270462261,"5.62"
"128","3-year","C3","conventional","corn","t_22_s",25,1455.97734423865,"1455.98",7.28343266835991,"7.28"
"129","3-year","C3","conventional","corn","d",23,325.941821781366,"325.94",5.78671890464733,"5.79"
"130","3-year","C3","conventional","corn","g_1",1,0,"0",-Inf,"-Inf"
"131","3-year","C3","conventional","corn","g_2",1,0,"0",-Inf,"-Inf"
"132","3-year","C3","conventional","corn","g_3",1,0,"0",-Inf,"-Inf"
"133","3-year","C3","conventional","corn","g_4",1,0,"0",-Inf,"-Inf"
"134","3-year","C3","conventional","corn","g_5",1,0,"0",-Inf,"-Inf"
"135","3-year","C3","conventional","corn","g_6",1,0,"0",-Inf,"-Inf"
"136","3-year","C3","conventional","corn","s_s1",14,0.28497250986761,"0.28",-1.2553625599706,"-1.26"
"137","3-year","C3","conventional","corn","s_s2",15,0.291061118679603,"0.29",-1.23422200403701,"-1.23"
"138","3-year","C3","conventional","corn","s_p1",10,5.65372375963084e-06,"0",-12.0831961573978,"-12.08"
"139","3-year","C3","conventional","corn","s_p2",11,1.05927512752299e-05,"0",-11.4553406327323,"-11.46"
"140","3-year","C3","conventional","corn","s_p3",13,0.000110111252171897,"0",-9.11401931989456,"-9.11"
"141","3-year","C3","conventional","corn","s_p4",9,3.80601955524641e-06,"0",-12.4789266510987,"-12.48"
"142","3-year","C3","conventional","corn","s_p5",8,1.12752118887555e-07,"0",-15.9980740659459,"-16"
"143","3-year","C3","conventional","corn","s_p6",7,2.08824922649603e-09,"0",-19.9869398127003,"-19.99"
"144","3-year","C3","conventional","corn","f_1",29,77831396.8686984,"77831396.87",18.1700554664643,"18.17"
"145","3-year","C3","conventional","corn","f_2",31,141486161.110376,"141486161.11",18.7677124689246,"18.77"
"146","3-year","C3","conventional","corn","f_3",30,90990992.1708776,"90990992.17",18.3262710724484,"18.33"
"147","3-year","C3","conventional","corn","f_4",28,58359051.7497918,"58359051.75",17.8821250331968,"17.88"
"148","3-year","C3","conventional","corn","f_5",27,4999795.61449947,"4999795.61",15.4249075924628,"15.42"
"149","3-year","C3","conventional","corn","f_6",26,1287249.36720809,"1287249.37",14.0680182263239,"14.07"
"150","3-year","C3","conventional","corn","t_11_f",18,6.68579908122077,"6.69",1.89998573687643,"1.9"
"151","3-year","C3","conventional","corn","t_21_f",20,10.3622591031187,"10.36",2.33817027320627,"2.34"
"152","3-year","C3","conventional","corn","t_12_f",16,4.55498463154099,"4.55",1.5162221567306,"1.52"
"153","3-year","C3","conventional","corn","t_22_f",19,7.05972919457417,"7.06",1.95440669306043,"1.95"
"154","3-year","C3","conventional","corn","o_11",24,830.565271817407,"830.57",6.72210651936349,"6.72"
"155","3-year","C3","conventional","corn","o_22",12,2.70092793729231e-05,"0",-10.5193300705259,"-10.52"
"156","3-year","C3","low","corn","t_11_s",17,9.34644551055744,"9.35",2.23499611172306,"2.23"
"157","3-year","C3","low","corn","t_21_s",21,49.560876084618,"49.56",3.90320173385688,"3.9"
"158","3-year","C3","low","corn","t_12_s",22,466.638748616366,"466.64",6.14555540075219,"6.15"
"159","3-year","C3","low","corn","t_22_s",25,2474.41930414438,"2474.42",7.81376102288601,"7.81"
"160","3-year","C3","low","corn","d",23,553.93494894355,"553.93",6.31704725917342,"6.32"
"161","3-year","C3","low","corn","g_1",1,0,"0",-Inf,"-Inf"
"162","3-year","C3","low","corn","g_2",1,0,"0",-Inf,"-Inf"
"163","3-year","C3","low","corn","g_3",1,0,"0",-Inf,"-Inf"
"164","3-year","C3","low","corn","g_4",1,0,"0",-Inf,"-Inf"
"165","3-year","C3","low","corn","g_5",1,0,"0",-Inf,"-Inf"
"166","3-year","C3","low","corn","g_6",1,0,"0",-Inf,"-Inf"
"167","3-year","C3","low","corn","s_s1",14,0.484308002701525,"0.48",-0.725034205444508,"-0.73"
"168","3-year","C3","low","corn","s_s2",15,0.494655534027747,"0.49",-0.703893649510913,"-0.7"
"169","3-year","C3","low","corn","s_p1",10,9.60844841884935e-06,"0",-11.5528678028717,"-11.55"
"170","3-year","C3","low","corn","s_p2",11,1.8002277537591e-05,"0",-10.9250122782062,"-10.93"
"171","3-year","C3","low","corn","s_p3",13,0.000187132999737799,"0",-8.58369096536847,"-8.58"
"172","3-year","C3","low","corn","s_p4",9,6.46829313431206e-06,"0",-11.9485982965726,"-11.95"
"173","3-year","C3","low","corn","s_p5",8,1.91621126978757e-07,"0",-15.4677457114198,"-15.47"
"174","3-year","C3","low","corn","s_p6",7,3.54895920486206e-09,"0",-19.4566114581742,"-19.46"
"175","3-year","C3","low","corn","f_1",29,5377907.4304423,"5377907.43",15.4978099030266,"15.5"
"176","3-year","C3","low","corn","f_2",31,9776253.64252271,"9776253.64",16.0954669054868,"16.1"
"177","3-year","C3","low","corn","f_3",30,6287194.53313421,"6287194.53",15.6540255090106,"15.65"
"178","3-year","C3","low","corn","f_4",28,4032428.95111128,"4032428.95",15.209879469759,"15.21"
"179","3-year","C3","low","corn","f_5",27,345470.325185995,"345470.33",12.752662029025,"12.75"
"180","3-year","C3","low","corn","f_6",26,88944.9273076664,"88944.93",11.3957726628862,"11.4"
"181","3-year","C3","low","corn","t_11_f",18,11.36245036756,"11.36",2.43031409140253,"2.43"
"182","3-year","C3","low","corn","t_21_f",20,17.6105583378501,"17.61",2.86849862773236,"2.87"
"183","3-year","C3","low","corn","t_12_f",16,7.741151980809,"7.74",2.04655051125669,"2.05"
"184","3-year","C3","low","corn","t_22_f",19,11.9979409502561,"12",2.48473504758653,"2.48"
"185","3-year","C3","low","corn","o_11",24,1411.53758337606,"1411.54",7.25243487388959,"7.25"
"186","3-year","C3","low","corn","o_22",12,4.59020070166937e-05,"0",-9.98900171599983,"-9.99"
"187","3-year","S3","conventional","soybean","t_11_s",25,745.140418056549,"745.14",6.61357268123214,"6.61"
"188","3-year","S3","conventional","soybean","t_21_s",23,507.646942162762,"507.65",6.22978621021439,"6.23"
"189","3-year","S3","conventional","soybean","t_12_s",20,0.111771735631082,"0.11",-2.19129656211001,"-2.19"
"190","3-year","S3","conventional","soybean","t_22_s",19,0.0761474997710262,"0.08",-2.57508303312776,"-2.58"
"191","3-year","S3","conventional","soybean","d",24,665.836452833881,"665.84",6.50104407406855,"6.5"
"192","3-year","S3","conventional","soybean","g_1",1,0,"0",-Inf,"-Inf"
"193","3-year","S3","conventional","soybean","g_2",1,0,"0",-Inf,"-Inf"
"194","3-year","S3","conventional","soybean","g_3",1,0,"0",-Inf,"-Inf"
"195","3-year","S3","conventional","soybean","g_4",1,0,"0",-Inf,"-Inf"
"196","3-year","S3","conventional","soybean","g_5",1,0,"0",-Inf,"-Inf"
"197","3-year","S3","conventional","soybean","g_6",1,0,"0",-Inf,"-Inf"
"198","3-year","S3","conventional","soybean","s_s1",13,1.0389688987389e-06,"0",-13.7772817801365,"-13.78"
"199","3-year","S3","conventional","soybean","s_s2",14,5.91305380695365e-06,"0",-12.0383481413947,"-12.04"
"200","3-year","S3","conventional","soybean","s_p1",12,2.08061228293289e-10,"0",-22.29318871275,"-22.29"
"201","3-year","S3","conventional","soybean","s_p2",11,8.20302808221725e-12,"0",-25.5265177515056,"-25.53"
"202","3-year","S3","conventional","soybean","s_p3",10,1.44463191884429e-14,"0",-31.8683367402442,"-31.87"
"203","3-year","S3","conventional","soybean","s_p4",9,5.34176652070385e-17,"0",-37.4683901735114,"-37.47"
"204","3-year","S3","conventional","soybean","s_p5",7,1.90987121747177e-20,"0",-45.404666045503,"-45.4"
"205","3-year","S3","conventional","soybean","s_p6",8,1.10045941947919e-19,"0",-43.6533890202037,"-43.65"
"206","3-year","S3","conventional","soybean","f_1",31,789923.065282707,"789923.07",13.5796908339828,"13.58"
"207","3-year","S3","conventional","soybean","f_2",30,157198.550486163,"157198.55",11.9652649381088,"11.97"
"208","3-year","S3","conventional","soybean","f_3",29,38642.3586656231,"38642.36",10.5621043285345,"10.56"
"209","3-year","S3","conventional","soybean","f_4",26,2801.78130476198,"2801.78",7.93801067415855,"7.94"
"210","3-year","S3","conventional","soybean","f_5",27,6277.61215234344,"6277.61",8.74474495663773,"8.74"
"211","3-year","S3","conventional","soybean","f_6",28,14423.0252455355,"14423.03",9.57658118394844,"9.58"
"212","3-year","S3","conventional","soybean","t_11_f",15,0.0210060391204956,"0.02",-3.86294530543465,"-3.86"
"213","3-year","S3","conventional","soybean","t_21_f",17,0.0339192160156579,"0.03",-3.38377358107147,"-3.38"
"214","3-year","S3","conventional","soybean","t_12_f",16,0.0337519733629941,"0.03",-3.38871639335826,"-3.39"
"215","3-year","S3","conventional","soybean","t_22_f",18,0.054500540005998,"0.05",-2.90954466899509,"-2.91"
"216","3-year","S3","conventional","soybean","o_11",22,0.325123925107734,"0.33",-1.12354886130803,"-1.12"
"217","3-year","S3","conventional","soybean","o_22",21,0.298973174576341,"0.3",-1.20740142675226,"-1.21"
"218","3-year","S3","low","soybean","t_11_s",25,1266.35887710292,"1266.36",7.14390103575823,"7.14"
"219","3-year","S3","low","soybean","t_21_s",23,862.741029829866,"862.74",6.76011456474048,"6.76"
"220","3-year","S3","low","soybean","t_12_s",20,0.189954975190837,"0.19",-1.66096820758392,"-1.66"
"221","3-year","S3","low","soybean","t_22_s",19,0.129411933600028,"0.13",-2.04475467860167,"-2.04"
"222","3-year","S3","low","soybean","d",24,1131.58256123601,"1131.58",7.03137242859464,"7.03"
"223","3-year","S3","low","soybean","g_1",1,0,"0",-Inf,"-Inf"
"224","3-year","S3","low","soybean","g_2",1,0,"0",-Inf,"-Inf"
"225","3-year","S3","low","soybean","g_3",1,0,"0",-Inf,"-Inf"
"226","3-year","S3","low","soybean","g_4",1,0,"0",-Inf,"-Inf"
"227","3-year","S3","low","soybean","g_5",1,0,"0",-Inf,"-Inf"
"228","3-year","S3","low","soybean","g_6",1,0,"0",-Inf,"-Inf"
"229","3-year","S3","low","soybean","s_s1",13,1.765717515879e-06,"0",-13.2469534256104,"-13.25"
"230","3-year","S3","low","soybean","s_s2",14,1.00491773064103e-05,"0",-11.5080197868686,"-11.51"
"231","3-year","S3","low","soybean","s_p1",12,3.53598029371891e-10,"0",-21.7628603582239,"-21.76"
"232","3-year","S3","low","soybean","s_p2",11,1.39409662653033e-11,"0",-24.9961893969795,"-25"
"233","3-year","S3","low","soybean","s_p3",10,2.45513786427816e-14,"0",-31.3380083857181,"-31.34"
"234","3-year","S3","low","soybean","s_p4",9,9.07828013214969e-17,"0",-36.9380618189853,"-36.94"
"235","3-year","S3","low","soybean","s_p5",7,3.2458075172956e-20,"0",-44.8743376909769,"-44.87"
"236","3-year","S3","low","soybean","s_p6",8,1.87022005648771e-19,"0",-43.1230606656776,"-43.12"
"237","3-year","S3","low","soybean","f_1",31,689590.897278186,"689590.9",13.4438537982419,"13.44"
"238","3-year","S3","low","soybean","f_2",30,137231.958712064,"137231.96",11.8294279023679,"11.83"
"239","3-year","S3","low","soybean","f_3",29,33734.1950834612,"33734.2",10.4262672927935,"10.43"
"240","3-year","S3","low","soybean","f_4",26,2445.91273358575,"2445.91",7.8021736384176,"7.8"
"241","3-year","S3","low","soybean","f_5",27,5480.26053062478,"5480.26",8.60890792089678,"8.61"
"242","3-year","S3","low","soybean","f_6",28,12591.0830531011,"12591.08",9.44074414820749,"9.44"
"243","3-year","S3","low","soybean","t_11_f",15,0.0356995587253085,"0.04",-3.33261695090855,"-3.33"
"244","3-year","S3","low","soybean","t_21_f",17,0.0576453769852275,"0.06",-2.85344522654538,"-2.85"
"245","3-year","S3","low","soybean","t_12_f",16,0.0573611497272519,"0.06",-2.85838803883217,"-2.86"
"246","3-year","S3","low","soybean","t_22_f",18,0.0926231364868204,"0.09",-2.379216314469,"-2.38"
"247","3-year","S3","low","soybean","o_11",22,0.5525449415193,"0.55",-0.593220506781939,"-0.59"
"248","3-year","S3","low","soybean","o_22",21,0.50810199590013,"0.51",-0.677073072226164,"-0.68"
"249","3-year","O3","conventional","oat","t_11_s",20,0.358686328806545,"0.36",-1.02530700833849,"-1.03"
"250","3-year","O3","conventional","oat","t_21_s",23,0.547507640299697,"0.55",-0.602378862503558,"-0.6"
"251","3-year","O3","conventional","oat","t_12_s",19,0.28925031432674,"0.29",-1.24046282621321,"-1.24"
"252","3-year","O3","conventional","oat","t_22_s",21,0.44151879883438,"0.44",-0.817534680378283,"-0.82"
"253","3-year","O3","conventional","oat","d",24,0.564856519995199,"0.56",-0.571183526996825,"-0.57"
"254","3-year","O3","conventional","oat","g_1",1,0,"0",-Inf,"-Inf"
"255","3-year","O3","conventional","oat","g_2",1,0,"0",-Inf,"-Inf"
"256","3-year","O3","conventional","oat","g_3",1,0,"0",-Inf,"-Inf"
"257","3-year","O3","conventional","oat","g_4",1,0,"0",-Inf,"-Inf"
"258","3-year","O3","conventional","oat","g_5",1,0,"0",-Inf,"-Inf"
"259","3-year","O3","conventional","oat","g_6",1,0,"0",-Inf,"-Inf"
"260","3-year","O3","conventional","oat","s_s1",13,0.000147482268115644,"0",-8.82180260557607,"-8.82"
"261","3-year","O3","conventional","oat","s_s2",15,0.00920571533474254,"0.01",-4.68793075577465,"-4.69"
"262","3-year","O3","conventional","oat","s_p1",11,9.34005908944503e-10,"0",-20.7915383512267,"-20.79"
"263","3-year","O3","conventional","oat","s_p2",12,1.01755246385518e-08,"0",-18.4032805454186,"-18.4"
"264","3-year","O3","conventional","oat","s_p3",10,9.40961862625554e-11,"0",-23.086703598718,"-23.09"
"265","3-year","O3","conventional","oat","s_p4",9,2.23781700158022e-12,"0",-26.825520278113,"-26.83"
"266","3-year","O3","conventional","oat","s_p5",8,3.20977606977854e-13,"0",-28.7674050344076,"-28.77"
"267","3-year","O3","conventional","oat","s_p6",7,2.00465053060729e-14,"0",-31.5407215552989,"-31.54"
"268","3-year","O3","conventional","oat","f_1",30,251317.912764749,"251317.91",12.4344740013923,"12.43"
"269","3-year","O3","conventional","oat","f_2",31,1809425.37897583,"1809425.38",14.4085198826586,"14.41"
"270","3-year","O3","conventional","oat","f_3",28,40049.8851174811,"40049.89",10.597881084015,"10.6"
"271","3-year","O3","conventional","oat","f_4",29,86329.9647165947,"86329.96",11.3659320325256,"11.37"
"272","3-year","O3","conventional","oat","f_5",27,21289.2207411393,"21289.22",9.96595615511053,"9.97"
"273","3-year","O3","conventional","oat","f_6",26,21281.757334811,"21281.76",9.96560552156899,"9.97"
"274","3-year","O3","conventional","oat","t_11_f",14,0.00330551291063559,"0",-5.71216362539413,"-5.71"
"275","3-year","O3","conventional","oat","t_21_f",17,0.048130616670674,"0.05",-3.0338367831443,"-3.03"
"276","3-year","O3","conventional","oat","t_12_f",16,0.0176534864230538,"0.02",-4.03682198405831,"-4.04"
"277","3-year","O3","conventional","oat","t_22_f",18,0.257047305788794,"0.26",-1.35849514180848,"-1.36"
"278","3-year","O3","conventional","oat","o_11",22,0.462166541859167,"0.46",-0.771829972643134,"-0.77"
"279","3-year","O3","conventional","oat","o_22",25,1617.32223244063,"1617.32",7.3885271176711,"7.39"
"280","3-year","O3","low","oat","t_11_s",20,0.609583919450136,"0.61",-0.494978653812393,"-0.49"
"281","3-year","O3","low","oat","t_21_s",23,0.930483897764588,"0.93",-0.0720505079774643,"-0.07"
"282","3-year","O3","low","oat","t_12_s",19,0.491578089681182,"0.49",-0.710134471687119,"-0.71"
"283","3-year","O3","low","oat","t_22_s",21,0.750356894838715,"0.75",-0.28720632585219,"-0.29"
"284","3-year","O3","low","oat","d",24,0.95996814969591,"0.96",-0.0408551724707311,"-0.04"
"285","3-year","O3","low","oat","g_1",1,0,"0",-Inf,"-Inf"
"286","3-year","O3","low","oat","g_2",1,0,"0",-Inf,"-Inf"
"287","3-year","O3","low","oat","g_3",1,0,"0",-Inf,"-Inf"
"288","3-year","O3","low","oat","g_4",1,0,"0",-Inf,"-Inf"
"289","3-year","O3","low","oat","g_5",1,0,"0",-Inf,"-Inf"
"290","3-year","O3","low","oat","g_6",1,0,"0",-Inf,"-Inf"
"291","3-year","O3","low","oat","s_s1",13,0.000250644677053802,"0",-8.29147425104997,"-8.29"
"292","3-year","O3","low","oat","s_s2",15,0.0156450234771038,"0.02",-4.15760240124856,"-4.16"
"293","3-year","O3","low","oat","s_p1",11,1.58733393786819e-09,"0",-20.2612099967006,"-20.26"
"294","3-year","O3","low","oat","s_p2",12,1.72932049355449e-08,"0",-17.8729521908925,"-17.87"
"295","3-year","O3","low","oat","s_p3",10,1.59915551334478e-10,"0",-22.5563752441919,"-22.56"
"296","3-year","O3","low","oat","s_p4",9,3.80314818068006e-12,"0",-26.2951919235869,"-26.3"
"297","3-year","O3","low","oat","s_p5",8,5.45498314274517e-13,"0",-28.2370766798815,"-28.24"
"298","3-year","O3","low","oat","s_p6",7,3.40688403609179e-14,"0",-31.0103932007728,"-31.01"
"299","3-year","O3","low","oat","f_1",30,119188.974485833,"119188.97",11.6884655334112,"11.69"
"300","3-year","O3","low","oat","f_2",31,858130.456982767,"858130.46",13.6625114146775,"13.66"
"301","3-year","O3","low","oat","f_3",28,18993.8897825255,"18993.89",9.8518726160339,"9.85"
"302","3-year","O3","low","oat","f_4",29,40942.4853516145,"40942.49",10.6199235645445,"10.62"
"303","3-year","O3","low","oat","f_5",27,10096.5361355446,"10096.54",9.21994768712942,"9.22"
"304","3-year","O3","low","oat","f_6",26,10092.9965719032,"10093",9.21959705358788,"9.22"
"305","3-year","O3","low","oat","t_11_f",14,0.00561768697057043,"0.01",-5.18183527086804,"-5.18"
"306","3-year","O3","low","oat","t_21_f",17,0.0817975138703591,"0.08",-2.5035084286182,"-2.5"
"307","3-year","O3","low","oat","t_12_f",16,0.0300019280955895,"0.03",-3.50649362953222,"-3.51"
"308","3-year","O3","low","oat","t_22_f",18,0.4368493905753,"0.44",-0.828166787282385,"-0.83"
"309","3-year","O3","low","oat","o_11",22,0.785447532841919,"0.79",-0.241501618117041,"-0.24"
"310","3-year","O3","low","oat","o_22",25,2748.62336890664,"2748.62",7.91885547219719,"7.92"
"311","4-year","C4","conventional","corn","t_11_s",17,0.00732726601521378,"0.01",-4.91615281830617,"-4.92"
"312","4-year","C4","conventional","corn","t_21_s",18,0.00747876024674486,"0.01",-4.89568824314633,"-4.9"
"313","4-year","C4","conventional","corn","t_12_s",23,0.382478362828656,"0.38",-0.961083195083781,"-0.96"
"314","4-year","C4","conventional","corn","t_22_s",24,0.390386259926112,"0.39",-0.940618619923947,"-0.94"
"315","4-year","C4","conventional","corn","d",22,0.315826045819331,"0.32",-1.15256370488283,"-1.15"
"316","4-year","C4","conventional","corn","g_1",1,0,"0",-Inf,"-Inf"
"317","4-year","C4","conventional","corn","g_2",1,0,"0",-Inf,"-Inf"
"318","4-year","C4","conventional","corn","g_3",1,0,"0",-Inf,"-Inf"
"319","4-year","C4","conventional","corn","g_4",1,0,"0",-Inf,"-Inf"
"320","4-year","C4","conventional","corn","g_5",1,0,"0",-Inf,"-Inf"
"321","4-year","C4","conventional","corn","g_6",1,0,"0",-Inf,"-Inf"
"322","4-year","C4","conventional","corn","s_s1",19,0.148390103607772,"0.15",-1.90791063775172,"-1.91"
"323","4-year","C4","conventional","corn","s_s2",13,0.00224410183062905,"0",-6.09944991328308,"-6.1"
"324","4-year","C4","conventional","corn","s_p1",1,0,"0",-Inf,"-Inf"
"325","4-year","C4","conventional","corn","s_p2",1,0,"0",-Inf,"-Inf"
"326","4-year","C4","conventional","corn","s_p3",1,0,"0",-Inf,"-Inf"
"327","4-year","C4","conventional","corn","s_p4",1,0,"0",-Inf,"-Inf"
"328","4-year","C4","conventional","corn","s_p5",1,0,"0",-Inf,"-Inf"
"329","4-year","C4","conventional","corn","s_p6",1,0,"0",-Inf,"-Inf"
"330","4-year","C4","conventional","corn","f_1",29,106107825.588046,"106107825.59",18.4799663575848,"18.48"
"331","4-year","C4","conventional","corn","f_2",31,238222906.067382,"238222906.07",19.2887173734333,"19.29"
"332","4-year","C4","conventional","corn","f_3",26,2340022.92174875,"2340022.92",14.665671282905,"14.67"
"333","4-year","C4","conventional","corn","f_4",30,180616596.041479,"180616596.04",19.0118870886426,"19.01"
"334","4-year","C4","conventional","corn","f_5",28,9027216.4475568,"9027216.45",16.015754621788,"16.02"
"335","4-year","C4","conventional","corn","f_6",27,2714813.77842645,"2714813.78",14.8142339190996,"14.81"
"336","4-year","C4","conventional","corn","t_11_f",20,0.17655774361352,"0.18",-1.73410729683031,"-1.73"
"337","4-year","C4","conventional","corn","t_21_f",21,0.205582256089703,"0.21",-1.5819090521911,"-1.58"
"338","4-year","C4","conventional","corn","t_12_f",15,0.0053820708938069,"0.01",-5.22468205437345,"-5.22"
"339","4-year","C4","conventional","corn","t_22_f",16,0.00626683516756733,"0.01",-5.07248380973424,"-5.07"
"340","4-year","C4","conventional","corn","o_11",25,233.558418802903,"233.56",5.45343223340999,"5.45"
"341","4-year","C4","conventional","corn","o_22",14,0.00224538746451186,"0",-6.09887718269685,"-6.1"
"342","4-year","C4","low","corn","t_11_s",17,0.010227867536676,"0.01",-4.58263917268556,"-4.58"
"343","4-year","C4","low","corn","t_21_s",18,0.0104393328948946,"0.01",-4.56217459752573,"-4.56"
"344","4-year","C4","low","corn","t_12_s",23,0.533887813344531,"0.53",-0.627569549463177,"-0.63"
"345","4-year","C4","low","corn","t_22_s",24,0.544926162960678,"0.54",-0.607104974303342,"-0.61"
"346","4-year","C4","low","corn","d",22,0.440850237259746,"0.44",-0.81905005926223,"-0.82"
"347","4-year","C4","low","corn","g_1",1,0,"0",-Inf,"-Inf"
"348","4-year","C4","low","corn","g_2",1,0,"0",-Inf,"-Inf"
"349","4-year","C4","low","corn","g_3",1,0,"0",-Inf,"-Inf"
"350","4-year","C4","low","corn","g_4",1,0,"0",-Inf,"-Inf"
"351","4-year","C4","low","corn","g_5",1,0,"0",-Inf,"-Inf"
"352","4-year","C4","low","corn","g_6",1,0,"0",-Inf,"-Inf"
"353","4-year","C4","low","corn","s_s1",19,0.207132417507791,"0.21",-1.57439699213111,"-1.57"
"354","4-year","C4","low","corn","s_s2",13,0.00313246116830335,"0",-5.76593626766248,"-5.77"
"355","4-year","C4","low","corn","s_p1",1,0,"0",-Inf,"-Inf"
"356","4-year","C4","low","corn","s_p2",1,0,"0",-Inf,"-Inf"
"357","4-year","C4","low","corn","s_p3",1,0,"0",-Inf,"-Inf"
"358","4-year","C4","low","corn","s_p4",1,0,"0",-Inf,"-Inf"
"359","4-year","C4","low","corn","s_p5",1,0,"0",-Inf,"-Inf"
"360","4-year","C4","low","corn","s_p6",1,0,"0",-Inf,"-Inf"
"361","4-year","C4","low","corn","f_1",29,10591248.4082678,"10591248.41",16.1755385962073,"16.18"
"362","4-year","C4","low","corn","f_2",31,23778434.4436075,"23778434.44",16.9842896120558,"16.98"
"363","4-year","C4","low","corn","f_3",26,233571.500574353,"233571.5",12.3612435215275,"12.36"
"364","4-year","C4","low","corn","f_4",30,18028408.5997384,"18028408.6",16.7074593272651,"16.71"
"365","4-year","C4","low","corn","f_5",28,901059.759743546,"901059.76",13.7113268604105,"13.71"
"366","4-year","C4","low","corn","f_6",27,270981.588305604,"270981.59",12.5098061577221,"12.51"
"367","4-year","C4","low","corn","t_11_f",20,0.246450614800123,"0.25",-1.40059365120971,"-1.4"
"368","4-year","C4","low","corn","t_21_f",21,0.286964889606936,"0.29",-1.24839540657049,"-1.25"
"369","4-year","C4","low","corn","t_12_f",15,0.00751263951118473,"0.01",-4.89116840875284,"-4.89"
"370","4-year","C4","low","corn","t_22_f",16,0.00874765019244235,"0.01",-4.73897016411363,"-4.74"
"371","4-year","C4","low","corn","o_11",25,326.015810621812,"326.02",5.78694587903059,"5.79"
"372","4-year","C4","low","corn","o_22",14,0.00313425573847819,"0",-5.76536353707624,"-5.77"
"373","4-year","S4","conventional","soybean","t_11_s",24,203.267490804496,"203.27",5.31452280034402,"5.31"
"374","4-year","S4","conventional","soybean","t_21_s",23,199.085811974712,"199.09",5.29373594773094,"5.29"
"375","4-year","S4","conventional","soybean","t_12_s",21,5.52840660377321,"5.53",1.709899637265,"1.71"
"376","4-year","S4","conventional","soybean","t_22_s",20,5.41467459101537,"5.41",1.68911278465192,"1.69"
"377","4-year","S4","conventional","soybean","d",22,169.034725459854,"169.03",5.13010416990956,"5.13"
"378","4-year","S4","conventional","soybean","g_1",1,0,"0",-Inf,"-Inf"
"379","4-year","S4","conventional","soybean","g_2",1,0,"0",-Inf,"-Inf"
"380","4-year","S4","conventional","soybean","g_3",1,0,"0",-Inf,"-Inf"
"381","4-year","S4","conventional","soybean","g_4",1,0,"0",-Inf,"-Inf"
"382","4-year","S4","conventional","soybean","g_5",1,0,"0",-Inf,"-Inf"
"383","4-year","S4","conventional","soybean","g_6",1,0,"0",-Inf,"-Inf"
"384","4-year","S4","conventional","soybean","s_s1",16,2.81508383811152,"2.82",1.03499204378103,"1.03"
"385","4-year","S4","conventional","soybean","s_s2",14,1.52724933003145,"1.53",0.423468293871233,"0.42"
"386","4-year","S4","conventional","soybean","s_p1",1,0,"0",-Inf,"-Inf"
"387","4-year","S4","conventional","soybean","s_p2",1,0,"0",-Inf,"-Inf"
"388","4-year","S4","conventional","soybean","s_p3",1,0,"0",-Inf,"-Inf"
"389","4-year","S4","conventional","soybean","s_p4",1,0,"0",-Inf,"-Inf"
"390","4-year","S4","conventional","soybean","s_p5",1,0,"0",-Inf,"-Inf"
"391","4-year","S4","conventional","soybean","s_p6",1,0,"0",-Inf,"-Inf"
"392","4-year","S4","conventional","soybean","f_1",28,2884545056.60962,"2884545056.61",21.7826330317887,"21.78"
"393","4-year","S4","conventional","soybean","f_2",31,7911657963.42937,"7911657963.43",22.7916032002299,"22.79"
"394","4-year","S4","conventional","soybean","f_3",30,5394609018.47914,"5394609018.48",22.4086659619421,"22.41"
"395","4-year","S4","conventional","soybean","f_4",29,3148511814.36733,"3148511814.37",21.8701957382657,"21.87"
"396","4-year","S4","conventional","soybean","f_5",27,1170675892.6378,"1170675892.64",20.880847104975,"20.88"
"397","4-year","S4","conventional","soybean","f_6",26,231157047.605115,"231157047.61",19.2586078972485,"19.26"
"398","4-year","S4","conventional","soybean","t_11_f",19,5.36087577861403,"5.36",1.67912735326824,"1.68"
"399","4-year","S4","conventional","soybean","t_21_f",17,3.03888345380347,"3.04",1.11149016301943,"1.11"
"400","4-year","S4","conventional","soybean","t_12_f",18,3.66214003090415,"3.66",1.29804768443553,"1.3"
"401","4-year","S4","conventional","soybean","t_22_f",15,2.0759325910557,"2.08",0.73041049418672,"0.73"
"402","4-year","S4","conventional","soybean","o_11",25,1164.37697954092,"1164.38",7.05994144144322,"7.06"
"403","4-year","S4","conventional","soybean","o_22",13,0.00611620348914282,"0.01",-5.09681371986272,"-5.1"
"404","4-year","S4","low","soybean","t_11_s",24,283.73379185964,"283.73",5.64803644596463,"5.65"
"405","4-year","S4","low","soybean","t_21_s",23,277.89673652916,"277.9",5.62724959335155,"5.63"
"406","4-year","S4","low","soybean","t_12_s",21,7.71690427437379,"7.72",2.04341328288561,"2.04"
"407","4-year","S4","low","soybean","t_22_s",20,7.55814984144458,"7.56",2.02262643027253,"2.02"
"408","4-year","S4","low","soybean","d",22,235.949503882088,"235.95",5.46361781553017,"5.46"
"409","4-year","S4","low","soybean","g_1",1,0,"0",-Inf,"-Inf"
"410","4-year","S4","low","soybean","g_2",1,0,"0",-Inf,"-Inf"
"411","4-year","S4","low","soybean","g_3",1,0,"0",-Inf,"-Inf"
"412","4-year","S4","low","soybean","g_4",1,0,"0",-Inf,"-Inf"
"413","4-year","S4","low","soybean","g_5",1,0,"0",-Inf,"-Inf"
"414","4-year","S4","low","soybean","g_6",1,0,"0",-Inf,"-Inf"
"415","4-year","S4","low","soybean","s_s1",16,3.92947445077875,"3.93",1.36850568940163,"1.37"
"416","4-year","S4","low","soybean","s_s2",14,2.1318325021373,"2.13",0.756981939491837,"0.76"
"417","4-year","S4","low","soybean","s_p1",1,0,"0",-Inf,"-Inf"
"418","4-year","S4","low","soybean","s_p2",1,0,"0",-Inf,"-Inf"
"419","4-year","S4","low","soybean","s_p3",1,0,"0",-Inf,"-Inf"
"420","4-year","S4","low","soybean","s_p4",1,0,"0",-Inf,"-Inf"
"421","4-year","S4","low","soybean","s_p5",1,0,"0",-Inf,"-Inf"
"422","4-year","S4","low","soybean","s_p6",1,0,"0",-Inf,"-Inf"
"423","4-year","S4","low","soybean","f_1",28,629739961.086387,"629739961.09",20.2608175319606,"20.26"
"424","4-year","S4","low","soybean","f_2",31,1727234999.01742,"1727234999.02",21.2697877004018,"21.27"
"425","4-year","S4","low","soybean","f_3",30,1177725016.14735,"1177725016.15",20.886850462114,"20.89"
"426","4-year","S4","low","soybean","f_4",29,687367910.20701,"687367910.21",20.3483802384376,"20.35"
"427","4-year","S4","low","soybean","f_5",27,255576313.285604,"255576313.29",19.3590316051468,"19.36"
"428","4-year","S4","low","soybean","f_6",26,50465091.4812839,"50465091.48",17.7367923974204,"17.74"
"429","4-year","S4","low","soybean","t_11_f",19,7.48305401092213,"7.48",2.01264099888884,"2.01"
"430","4-year","S4","low","soybean","t_21_f",17,4.2418682985391,"4.24",1.44500380864004,"1.45"
"431","4-year","S4","low","soybean","t_12_f",18,5.11184977576568,"5.11",1.63156133005613,"1.63"
"432","4-year","S4","low","soybean","t_22_f",15,2.89771976509395,"2.9",1.06392413980733,"1.06"
"433","4-year","S4","low","soybean","o_11",25,1625.312017439,"1625.31",7.39345508706383,"7.39"
"434","4-year","S4","low","soybean","o_22",13,0.00853738884113421,"0.01",-4.76330007424212,"-4.76"
"435","4-year","O4","conventional","oat","t_11_s",30,1015.94691412354,"1015.95",6.92357637689495,"6.92"
"436","4-year","O4","conventional","oat","t_21_s",29,998.731991457021,"998.73",6.90648646583609,"6.91"
"437","4-year","O4","conventional","oat","t_12_s",22,1.4728641749311,"1.47",0.387208923406166,"0.39"
"438","4-year","O4","conventional","oat","t_22_s",21,1.44790692321131,"1.45",0.370119012347303,"0.37"
"439","4-year","O4","conventional","oat","d",28,844.195617708563,"844.2",6.7383842422766,"6.74"
"440","4-year","O4","conventional","oat","g_1",1,0,"0",-Inf,"-Inf"
"441","4-year","O4","conventional","oat","g_2",1,0,"0",-Inf,"-Inf"
"442","4-year","O4","conventional","oat","g_3",1,0,"0",-Inf,"-Inf"
"443","4-year","O4","conventional","oat","g_4",1,0,"0",-Inf,"-Inf"
"444","4-year","O4","conventional","oat","g_5",1,0,"0",-Inf,"-Inf"
"445","4-year","O4","conventional","oat","g_6",1,0,"0",-Inf,"-Inf"
"446","4-year","O4","conventional","oat","s_s1",13,0.144501185724493,"0.14",-1.93446756575748,"-1.93"
"447","4-year","O4","conventional","oat","s_s2",18,0.396736724437636,"0.4",-0.924482380910146,"-0.92"
"448","4-year","O4","conventional","oat","s_p1",1,0,"0",-Inf,"-Inf"
"449","4-year","O4","conventional","oat","s_p2",1,0,"0",-Inf,"-Inf"
"450","4-year","O4","conventional","oat","s_p3",1,0,"0",-Inf,"-Inf"
"451","4-year","O4","conventional","oat","s_p4",1,0,"0",-Inf,"-Inf"
"452","4-year","O4","conventional","oat","s_p5",1,0,"0",-Inf,"-Inf"
"453","4-year","O4","conventional","oat","s_p6",1,0,"0",-Inf,"-Inf"
"454","4-year","O4","conventional","oat","f_1",31,1651.96161641583,"1651.96",7.40971871919588,"7.41"
"455","4-year","O4","conventional","oat","f_2",27,371.593700174913,"371.59",5.91780105355301,"5.92"
"456","4-year","O4","conventional","oat","f_3",23,54.9574579617324,"54.96",4.00655939432863,"4.01"
"457","4-year","O4","conventional","oat","f_4",25,68.1255799428626,"68.13",4.22135276586993,"4.22"
"458","4-year","O4","conventional","oat","f_5",24,68.1255799428577,"68.13",4.22135276586985,"4.22"
"459","4-year","O4","conventional","oat","f_6",26,74.3871097146435,"74.39",4.30928267030479,"4.31"
"460","4-year","O4","conventional","oat","t_11_f",14,0.305240867472692,"0.31",-1.18665408462826,"-1.19"
"461","4-year","O4","conventional","oat","t_21_f",17,0.387399954357309,"0.39",-0.948297645827243,"-0.95"
"462","4-year","O4","conventional","oat","t_12_f",19,0.471700574516282,"0.47",-0.751410870723017,"-0.75"
"463","4-year","O4","conventional","oat","t_22_f",20,0.598664204275571,"0.6",-0.513054431921999,"-0.51"
"464","4-year","O4","conventional","oat","o_11",16,0.354707690058888,"0.35",-1.03646123697835,"-1.04"
"465","4-year","O4","conventional","oat","o_22",15,0.329939184325392,"0.33",-1.10884693142814,"-1.11"
"466","4-year","O4","low","oat","t_11_s",30,1418.12381867606,"1418.12",7.25709002251556,"7.26"
"467","4-year","O4","low","oat","t_21_s",29,1394.09412624757,"1394.09",7.2400001114567,"7.24"
"468","4-year","O4","low","oat","t_12_s",22,2.05591821689462,"2.06",0.720722569026771,"0.72"
"469","4-year","O4","low","oat","t_22_s",21,2.02108128533794,"2.02",0.703632657967908,"0.7"
"470","4-year","O4","low","oat","d",28,1178.38235093934,"1178.38",7.07189788789721,"7.07"
"471","4-year","O4","low","oat","g_1",1,0,"0",-Inf,"-Inf"
"472","4-year","O4","low","oat","g_2",1,0,"0",-Inf,"-Inf"
"473","4-year","O4","low","oat","g_3",1,0,"0",-Inf,"-Inf"
"474","4-year","O4","low","oat","g_4",1,0,"0",-Inf,"-Inf"
"475","4-year","O4","low","oat","g_5",1,0,"0",-Inf,"-Inf"
"476","4-year","O4","low","oat","g_6",1,0,"0",-Inf,"-Inf"
"477","4-year","O4","low","oat","s_s1",13,0.201704016670617,"0.2",-1.60095392013688,"-1.6"
"478","4-year","O4","low","oat","s_s2",18,0.553790548351542,"0.55",-0.590968735289542,"-0.59"
"479","4-year","O4","low","oat","s_p1",1,0,"0",-Inf,"-Inf"
"480","4-year","O4","low","oat","s_p2",1,0,"0",-Inf,"-Inf"
"481","4-year","O4","low","oat","s_p3",1,0,"0",-Inf,"-Inf"
"482","4-year","O4","low","oat","s_p4",1,0,"0",-Inf,"-Inf"
"483","4-year","O4","low","oat","s_p5",1,0,"0",-Inf,"-Inf"
"484","4-year","O4","low","oat","s_p6",1,0,"0",-Inf,"-Inf"
"485","4-year","O4","low","oat","f_1",31,2179.50299195031,"2179.5",7.68685214444663,"7.69"
"486","4-year","O4","low","oat","f_2",27,490.259321568427,"490.26",6.19493447880375,"6.19"
"487","4-year","O4","low","oat","f_3",23,72.5077040939114,"72.51",4.28369281957937,"4.28"
"488","4-year","O4","low","oat","f_4",25,89.88096565825,"89.88",4.49848619112067,"4.5"
"489","4-year","O4","low","oat","f_5",24,89.8809656582436,"89.88",4.4984861911206,"4.5"
"490","4-year","O4","low","oat","f_6",26,98.1420673304497,"98.14",4.58641609555554,"4.59"
"491","4-year","O4","low","oat","t_11_f",14,0.426074766878744,"0.43",-0.853140439007656,"-0.85"
"492","4-year","O4","low","oat","t_21_f",17,0.540757686243941,"0.54",-0.614784000206638,"-0.61"
"493","4-year","O4","low","oat","t_12_f",19,0.658429895012583,"0.66",-0.417897225102412,"-0.42"
"494","4-year","O4","low","oat","t_22_f",20,0.835653867017602,"0.84",-0.179540786301394,"-0.18"
"495","4-year","O4","low","oat","o_11",16,0.495123728363337,"0.5",-0.702947591357746,"-0.7"
"496","4-year","O4","low","oat","o_22",15,0.460550260551796,"0.46",-0.775333285807534,"-0.78"
"497","4-year","A4","conventional","alfalfa","t_11_s",25,0.820091514206992,"0.82",-0.198339342259501,"-0.2"
"498","4-year","A4","conventional","alfalfa","t_21_s",24,0.818738302379347,"0.82",-0.199990779305001,"-0.2"
"499","4-year","A4","conventional","alfalfa","t_12_s",22,0.608249322764459,"0.61",-0.497170410735551,"-0.5"
"500","4-year","A4","conventional","alfalfa","t_22_s",21,0.607245666265808,"0.61",-0.498821847781051,"-0.5"
"501","4-year","A4","conventional","alfalfa","d",23,0.728373796197625,"0.73",-0.316940906243621,"-0.32"
"502","4-year","A4","conventional","alfalfa","g_1",1,0,"0",-Inf,"-Inf"
"503","4-year","A4","conventional","alfalfa","g_2",1,0,"0",-Inf,"-Inf"
"504","4-year","A4","conventional","alfalfa","g_3",1,0,"0",-Inf,"-Inf"
"505","4-year","A4","conventional","alfalfa","g_4",1,0,"0",-Inf,"-Inf"
"506","4-year","A4","conventional","alfalfa","g_5",1,0,"0",-Inf,"-Inf"
"507","4-year","A4","conventional","alfalfa","g_6",1,0,"0",-Inf,"-Inf"
"508","4-year","A4","conventional","alfalfa","s_s1",17,0.0110138863986183,"0.01",-4.50859840246612,"-4.51"
"509","4-year","A4","conventional","alfalfa","s_s2",20,0.137565007040045,"0.14",-1.98365869512699,"-1.98"
"510","4-year","A4","conventional","alfalfa","s_p1",1,0,"0",-Inf,"-Inf"
"511","4-year","A4","conventional","alfalfa","s_p2",1,0,"0",-Inf,"-Inf"
"512","4-year","A4","conventional","alfalfa","s_p3",1,0,"0",-Inf,"-Inf"
"513","4-year","A4","conventional","alfalfa","s_p4",1,0,"0",-Inf,"-Inf"
"514","4-year","A4","conventional","alfalfa","s_p5",1,0,"0",-Inf,"-Inf"
"515","4-year","A4","conventional","alfalfa","s_p6",1,0,"0",-Inf,"-Inf"
"516","4-year","A4","conventional","alfalfa","f_1",30,68.5606815996971,"68.56",4.22771921589263,"4.23"
"517","4-year","A4","conventional","alfalfa","f_2",31,546.211709929358,"546.21",6.30300664771378,"6.3"
"518","4-year","A4","conventional","alfalfa","f_3",29,7.38603409663572,"7.39",1.9995909328069,"2"
"519","4-year","A4","conventional","alfalfa","f_4",28,5.87033959203481,"5.87",1.76991248430204,"1.77"
"520","4-year","A4","conventional","alfalfa","f_5",27,4.95592117884073,"4.96",1.60058305945171,"1.6"
"521","4-year","A4","conventional","alfalfa","f_6",26,4.81029178336795,"4.81",1.57075774410067,"1.57"
"522","4-year","A4","conventional","alfalfa","t_11_f",13,0.000325681215925956,"0",-8.02959152027752,"-8.03"
"523","4-year","A4","conventional","alfalfa","t_21_f",15,0.00689014431957309,"0.01",-4.97766324793892,"-4.98"
"524","4-year","A4","conventional","alfalfa","t_12_f",14,0.00174372681628569,"0",-6.35173060780301,"-6.35"
"525","4-year","A4","conventional","alfalfa","t_22_f",19,0.0368904586159788,"0.04",-3.29980233546442,"-3.3"
"526","4-year","A4","conventional","alfalfa","o_11",16,0.00817591079238556,"0.01",-4.80656315649206,"-4.81"
"527","4-year","A4","conventional","alfalfa","o_22",18,0.0164485726639747,"0.02",-4.10751657368277,"-4.11"
"528","4-year","A4","low","alfalfa","t_11_s",29,1.14473629834721,"1.14",0.135174303361103,"0.14"
"529","4-year","A4","low","alfalfa","t_21_s",28,1.14284739854563,"1.14",0.133522866315604,"0.13"
"530","4-year","A4","low","alfalfa","t_12_s",26,0.849033389751475,"0.85",-0.163656765114946,"-0.16"
"531","4-year","A4","low","alfalfa","t_22_s",25,0.847632421682457,"0.85",-0.165308202160446,"-0.17"
"532","4-year","A4","low","alfalfa","d",27,1.01671082900868,"1.02",0.016572739376984,"0.02"
"533","4-year","A4","low","alfalfa","g_1",1,0,"0",-Inf,"-Inf"
"534","4-year","A4","low","alfalfa","g_2",1,0,"0",-Inf,"-Inf"
"535","4-year","A4","low","alfalfa","g_3",1,0,"0",-Inf,"-Inf"
"536","4-year","A4","low","alfalfa","g_4",1,0,"0",-Inf,"-Inf"
"537","4-year","A4","low","alfalfa","g_5",1,0,"0",-Inf,"-Inf"
"538","4-year","A4","low","alfalfa","g_6",1,0,"0",-Inf,"-Inf"
"539","4-year","A4","low","alfalfa","s_s1",17,0.0153738885575015,"0.02",-4.17508475684552,"-4.18"
"540","4-year","A4","low","alfalfa","s_s2",20,0.192022053896514,"0.19",-1.65014504950638,"-1.65"
"541","4-year","A4","low","alfalfa","s_p1",1,0,"0",-Inf,"-Inf"
"542","4-year","A4","low","alfalfa","s_p2",1,0,"0",-Inf,"-Inf"
"543","4-year","A4","low","alfalfa","s_p3",1,0,"0",-Inf,"-Inf"
"544","4-year","A4","low","alfalfa","s_p4",1,0,"0",-Inf,"-Inf"
"545","4-year","A4","low","alfalfa","s_p5",1,0,"0",-Inf,"-Inf"
"546","4-year","A4","low","alfalfa","s_p6",1,0,"0",-Inf,"-Inf"
"547","4-year","A4","low","alfalfa","f_1",30,3.73326333929917,"3.73",1.31728274105518,"1.32"
"548","4-year","A4","low","alfalfa","f_2",31,29.7422969637483,"29.74",3.39257017287633,"3.39"
"549","4-year","A4","low","alfalfa","f_3",24,0.402184016733953,"0.4",-0.910845542030556,"-0.91"
"550","4-year","A4","low","alfalfa","f_4",23,0.319651483573886,"0.32",-1.14052399053542,"-1.14"
"551","4-year","A4","low","alfalfa","f_5",22,0.269859610752531,"0.27",-1.30985341538574,"-1.31"
"552","4-year","A4","low","alfalfa","f_6",21,0.261929805059857,"0.26",-1.33967873073678,"-1.34"
"553","4-year","A4","low","alfalfa","t_11_f",13,0.000454606715350302,"0",-7.69607787465691,"-7.7"
"554","4-year","A4","low","alfalfa","t_21_f",15,0.00961770505709117,"0.01",-4.64414960231831,"-4.64"
"555","4-year","A4","low","alfalfa","t_12_f",14,0.00243400565232507,"0",-6.01821696218241,"-6.02"
"556","4-year","A4","low","alfalfa","t_22_f",19,0.0514940665874609,"0.05",-2.96628868984381,"-2.97"
"557","4-year","A4","low","alfalfa","o_11",16,0.0114124603095578,"0.01",-4.47304951087145,"-4.47"
"558","4-year","A4","low","alfalfa","o_22",18,0.0229599719766164,"0.02",-3.77400292806216,"-3.77"
