Plot,Side,Crop,Rotation,Herbicide,Corn_weed_management,id,Biomass,Seed,Block,Crop_a,Crop_ID,bt
11,E,S,3,conv,low,40,1137,609333.6667,1,S,S3,1/S3/low
11,E,S,3,conv,low,57,7.3,10942,1,S,S3,1/S3/low
11,E,S,3,conv,low,62,0.4983,0,1,S,S3,1/S3/low
11,E,S,3,conv,low,63,179.3,185686,1,S,S3,1/S3/low
11,W,S,3,conv,conv,2,66.7,20796.33333,1,S,S3,1/S3/conv
11,W,S,3,conv,conv,4,288.1,359927.3333,1,S,S3,1/S3/conv
11,W,S,3,conv,conv,5,38,42347.66667,1,S,S3,1/S3/conv
11,W,S,3,conv,conv,6,21.9,13304,1,S,S3,1/S3/conv
11,W,S,3,conv,conv,8,211.4,242659,1,S,S3,1/S3/conv
11,W,S,3,conv,conv,11,222.9,258564.3333,1,S,S3,1/S3/conv
11,W,S,3,conv,conv,17,1192.4,610848,1,S,S3,1/S3/conv
11,W,S,3,conv,conv,19,61.1,66643.33333,1,S,S3,1/S3/conv
11,W,S,3,conv,conv,33,470.6,1034184,1,S,S3,1/S3/conv
11,W,S,3,conv,conv,35,1347.2,1842783.667,1,S,S3,1/S3/conv
11,W,S,3,conv,conv,38,829,1571599,1,S,S3,1/S3/conv
11,W,S,3,conv,conv,39,1436.4,971789.3333,1,S,S3,1/S3/conv
11,W,S,3,conv,conv,42,391.9,696770.3333,1,S,S3,1/S3/conv
11,W,S,3,conv,conv,49,76.9,75301.33333,1,S,S3,1/S3/conv
11,W,S,3,conv,conv,50,591.2,774124,1,S,S3,1/S3/conv
11,W,S,3,conv,conv,58,69.5,86373.66667,1,S,S3,1/S3/conv
11,W,S,3,conv,conv,60,355.8,304798.6667,1,S,S3,1/S3/conv
11,W,S,3,conv,conv,61,34.9,35536.66667,1,S,S3,1/S3/conv
11,W,S,3,conv,conv,81,2.6,1647.333333,1,S,S3,1/S3/conv
12,E,A,4,conv,conv,1,0.5967,13,1,A,A4,1/A4/conv
12,E,A,4,conv,conv,6,0.7906,0,1,A,A4,1/A4/conv
12,E,A,4,conv,conv,18,0.4608,5,1,A,A4,1/A4/conv
12,W,A,4,low,low,2,0.2264,0,1,A,A4,1/A4/low
12,W,A,4,low,low,22,2.1012,27,1,A,A4,1/A4/low
12,W,A,4,low,low,23,0.2044,21,1,A,A4,1/A4/low
12,W,A,4,low,low,24,0.015,0,1,A,A4,1/A4/low
12,W,A,4,low,low,25,0.0292,0,1,A,A4,1/A4/low
12,W,A,4,low,low,26,0.1347,0,1,A,A4,1/A4/low
12,W,A,4,low,low,27,0.0587,2,1,A,A4,1/A4/low
13,E,C,2,conv,conv,38,12.8,9222,1,C,C2,1/C2/conv
13,E,C,2,conv,conv,42,9.3,5051.666667,1,C,C2,1/C2/conv
13,E,C,2,conv,conv,50,3.8,2704,1,C,C2,1/C2/conv
13,E,C,2,conv,conv,51,0.9241,196,1,C,C2,1/C2/conv
13,E,C,2,conv,conv,63,2.3,1573.666667,1,C,C2,1/C2/conv
13,E,C,2,conv,conv,95,0.9337,255,1,C,C2,1/C2/conv
13,W,C,2,low,low,3,0.2195,62,1,C,C2,1/C2/low
13,W,C,2,low,low,13,0.234,33,1,C,C2,1/C2/low
13,W,C,2,low,low,37,29.7,14652.66667,1,C,C2,1/C2/low
13,W,C,2,low,low,40,2.6,2458,1,C,C2,1/C2/low
13,W,C,2,low,low,44,0.5842,655,1,C,C2,1/C2/low
13,W,C,2,low,low,64,2.6,2199.333333,1,C,C2,1/C2/low
13,W,C,2,low,low,80,1.6,30,1,C,C2,1/C2/low
13,W,C,2,low,low,89,0.7676,963,1,C,C2,1/C2/low
13,W,C,2,low,low,93,1.0929,147,1,C,C2,1/C2/low
14,E,S,4,conv,conv,9,3.7,1541.333333,1,S,S4,1/S4/conv
14,E,S,4,conv,conv,13,30.3,32440.66667,1,S,S4,1/S4/conv
14,E,S,4,conv,conv,24,24.2,19243,1,S,S4,1/S4/conv
14,W,S,4,conv,low,9,5,4202.333333,1,S,S4,1/S4/low
14,W,S,4,conv,low,18,15.1,20303.33333,1,S,S4,1/S4/low
15,E,C,3,conv,conv,1,0.5488,319,1,C,C3,1/C3/conv
15,E,C,3,conv,conv,2,1.6414,889,1,C,C3,1/C3/conv
15,E,C,3,conv,conv,3,7,7964.333333,1,C,C3,1/C3/conv
15,E,C,3,conv,conv,17,0.175,124,1,C,C3,1/C3/conv
15,E,C,3,conv,conv,18,0.3047,95,1,C,C3,1/C3/conv
15,E,C,3,conv,conv,23,0.4442,186,1,C,C3,1/C3/conv
15,E,C,3,conv,conv,100,39.3,35264,1,C,C3,1/C3/conv
15,W,C,3,conv,conv,2,0.4072,401,1,C,C3,1/C3/conv
15,W,C,3,conv,conv,4,0.4286,227,1,C,C3,1/C3/conv
15,W,C,3,conv,conv,59,1.1626,93,1,C,C3,1/C3/conv
15,W,C,3,conv,conv,101,0.2908,2,1,C,C3,1/C3/conv
16,E,O,3,low,low,1,1.4544,162,1,O,O3,1/O3/low
16,E,O,3,low,low,7,0.6819,187,1,O,O3,1/O3/low
16,E,O,3,low,low,13,0.447,63,1,O,O3,1/O3/low
16,E,O,3,low,low,14,0.891,331,1,O,O3,1/O3/low
16,E,O,3,low,low,15,0.1863,59,1,O,O3,1/O3/low
16,E,O,3,low,low,16,0.076,33,1,O,O3,1/O3/low
16,E,O,3,low,low,17,0.3857,135,1,O,O3,1/O3/low
16,E,O,3,low,low,18,0.4914,158,1,O,O3,1/O3/low
16,W,O,3,conv,conv,1,0.8144,673,1,O,O3,1/O3/conv
16,W,O,3,conv,conv,2,0.3335,179,1,O,O3,1/O3/conv
16,W,O,3,conv,conv,4,2.9989,895,1,O,O3,1/O3/conv
16,W,O,3,conv,conv,9,11.6,10660.66667,1,O,O3,1/O3/conv
16,W,O,3,conv,conv,10,1.2167,303,1,O,O3,1/O3/conv
16,W,O,3,conv,conv,12,2.7945,1734,1,O,O3,1/O3/conv
16,W,O,3,conv,conv,16,0.5542,42,1,O,O3,1/O3/conv
16,W,O,3,conv,conv,17,1.673,57,1,O,O3,1/O3/conv
17,E,O,4,conv,conv,2,0.4666,265,1,O,O4,1/O4/conv
17,E,O,4,conv,conv,19,0.8214,215,1,O,O4,1/O4/conv
17,E,O,4,conv,conv,25,1.9072,673,1,O,O4,1/O4/conv
17,E,O,4,conv,conv,27,0.3682,272,1,O,O4,1/O4/conv
17,W,O,4,low,low,1,1.9987,1938,1,O,O4,1/O4/low
17,W,O,4,low,low,4,1.1985,533,1,O,O4,1/O4/low
17,W,O,4,low,low,10,0.564,350,1,O,O4,1/O4/low
17,W,O,4,low,low,11,0.5856,58,1,O,O4,1/O4/low
17,W,O,4,low,low,21,0.1861,100,1,O,O4,1/O4/low
17,W,O,4,low,low,31,1.1339,678,1,O,O4,1/O4/low
17,W,O,4,low,low,41,0.555,213,1,O,O4,1/O4/low
18,E,C,4,conv,conv,6,8.2,11697,1,C,C4,1/C4/conv
18,E,C,4,conv,conv,22,0.7135,685,1,C,C4,1/C4/conv
18,E,C,4,conv,conv,24,0.6384,284,1,C,C4,1/C4/conv
18,W,C,4,low,low,1,0.5794,96,1,C,C4,1/C4/low
18,W,C,4,low,low,2,0.8344,545,1,C,C4,1/C4/low
18,W,C,4,low,low,3,1.6008,1526,1,C,C4,1/C4/low
18,W,C,4,low,low,4,0.4668,149,1,C,C4,1/C4/low
18,W,C,4,low,low,6,0.5444,318,1,C,C4,1/C4/low
18,W,C,4,low,low,12,4.8,2781,1,C,C4,1/C4/low
19,E,S,2,conv,conv,22,5,958.3333333,1,S,S2,1/S2/conv
19,E,S,2,conv,conv,53,5.6,4570.333333,1,S,S2,1/S2/conv
19,W,S,2,conv,low,3,6.3,6015.333333,1,S,S2,1/S2/low
19,W,S,2,conv,low,17,14.4,12909.33333,1,S,S2,1/S2/low
19,W,S,2,conv,low,21,22.2,30509.66667,1,S,S2,1/S2/low
19,W,S,2,conv,low,40,32.1,52875.33333,1,S,S2,1/S2/low
19,W,S,2,conv,low,44,2,2037.333333,1,S,S2,1/S2/low
21,E,A,4,low,low,1,0.2207,13,2,A,A4,2/A4/low
21,E,A,4,low,low,2,0.0342,3,2,A,A4,2/A4/low
21,E,A,4,low,low,3,0.1905,3,2,A,A4,2/A4/low
21,E,A,4,low,low,3,0.2858,0,2,A,A4,2/A4/low
21,E,A,4,low,low,22,0.0539,2,2,A,A4,2/A4/low
21,E,A,4,low,low,24,0.3569,0,2,A,A4,2/A4/low
21,E,A,4,low,low,31,0.1442,10,2,A,A4,2/A4/low
21,E,A,4,low,low,33,0.0555,0,2,A,A4,2/A4/low
21,E,A,4,low,low,34,0.061,0,2,A,A4,2/A4/low
21,W,A,4,conv,conv,1,0.1381,0,2,A,A4,2/A4/conv
21,W,A,4,conv,conv,3,0.0156,4,2,A,A4,2/A4/conv
21,W,A,4,conv,conv,8,0.055,7,2,A,A4,2/A4/conv
21,W,A,4,conv,conv,10,0.1003,3,2,A,A4,2/A4/conv
21,W,A,4,conv,conv,11,0.0479,0,2,A,A4,2/A4/conv
21,W,A,4,conv,conv,16,0.0545,6,2,A,A4,2/A4/conv
21,W,A,4,conv,conv,33,0.1459,5,2,A,A4,2/A4/conv
21,W,A,4,conv,conv,42,0.5553,26,2,A,A4,2/A4/conv
22,E,A,4,conv,conv,1,0.6726,306,2,A,A4,2/A4/conv
22,E,A,4,conv,conv,3,1.8295,1075,2,A,A4,2/A4/conv
22,E,O,4,low,low,13,0.9299,791,2,O,O4,2/O4/low
22,E,O,4,low,low,32,1.1239,888,2,O,O4,2/O4/low
22,W,O,4,conv,conv,1,0.475,366,2,O,O4,2/O4/conv
22,W,O,4,conv,conv,4,0.2729,24,2,O,O4,2/O4/conv
22,W,O,4,conv,conv,10,0.614,158,2,O,O4,2/O4/conv
22,W,O,4,conv,conv,11,0.299,279,2,O,O4,2/O4/conv
22,W,O,4,conv,conv,18,1.404,630,2,O,O4,2/O4/conv
22,W,O,4,conv,conv,29,2.47,973,2,O,O4,2/O4/conv
22,W,O,4,conv,conv,30,0.2987,109,2,O,O4,2/O4/conv
23,E,S,3,conv,low,2,48.7,40234.33333,2,S,S3,2/S3/low
23,E,S,3,conv,low,27,9.5,53431,2,S,S3,2/S3/low
23,E,S,3,conv,low,39,37,32381,2,S,S3,2/S3/low
23,E,S,3,conv,low,65,54.6,62833,2,S,S3,2/S3/low
23,W,S,3,conv,conv,13,53.5,76226.33333,2,S,S3,2/S3/conv
23,W,S,3,conv,conv,23,36.6,54809,2,S,S3,2/S3/conv
24,E,C,2,conv,conv,1,9.6,2515,2,C,C2,2/C2/conv
24,E,C,2,conv,conv,3,10.3,10306,2,C,C2,2/C2/conv
24,E,C,2,conv,conv,7,1.0739,361,2,C,C2,2/C2/conv
24,E,C,2,conv,conv,8,13.2,14130,2,C,C2,2/C2/conv
24,E,C,2,conv,conv,10,0.3794,45,2,C,C2,2/C2/conv
24,W,C,2,low,low,1,0.7626,398,2,C,C2,2/C2/low
24,W,C,2,low,low,3,1.6032,1281,2,C,C2,2/C2/low
24,W,C,2,low,low,4,3.5,3525.666667,2,C,C2,2/C2/low
24,W,C,2,low,low,6,7.8,5985,2,C,C2,2/C2/low
24,W,C,2,low,low,7,2.7128,1241,2,C,C2,2/C2/low
24,W,C,2,low,low,13,0.0105,156,2,C,C2,2/C2/low
24,W,C,2,low,low,14,1.0643,480,2,C,C2,2/C2/low
24,W,C,2,low,low,22,1.6466,215,2,C,C2,2/C2/low
24,W,C,2,low,low,113,0.1101,14,2,C,C2,2/C2/low
25,E,O,3,conv,conv,1,0.8382,446,2,O,O3,2/O3/conv
25,E,O,3,conv,conv,2,0.2501,242,2,O,O3,2/O3/conv
25,E,O,3,conv,conv,4,1.3164,1524,2,O,O3,2/O3/conv
25,E,O,3,conv,conv,5,0.7928,295,2,O,O3,2/O3/conv
25,E,O,3,conv,conv,9,0.6632,255,2,O,O3,2/O3/conv
25,E,O,3,conv,conv,10,0.3556,115,2,O,O3,2/O3/conv
25,E,O,3,conv,conv,11,0.9415,285,2,O,O3,2/O3/conv
25,W,O,3,low,low,1,0.6555,502,2,O,O3,2/O3/low
25,W,O,3,low,low,1,0.3381,140,2,O,O3,2/O3/low
25,W,O,3,low,low,6,0.4984,334,2,O,O3,2/O3/low
25,W,O,3,low,low,7,0.3202,21,2,O,O3,2/O3/low
25,W,O,3,low,low,8,0.5747,295,2,O,O3,2/O3/low
25,W,O,3,low,low,9,0.4496,482,2,O,O3,2/O3/low
25,W,O,3,low,low,19,1.8038,897,2,O,O3,2/O3/low
26,E,C,3,low,low,2,0.0438,138,2,C,C3,2/C3/low
26,E,C,3,low,low,3,0.0186,7,2,C,C3,2/C3/low
26,E,C,3,low,low,11,1.0089,32,2,C,C3,2/C3/low
26,E,C,3,low,low,15,0.5559,104,2,C,C3,2/C3/low
26,E,C,3,low,low,31,2.5736,807,2,C,C3,2/C3/low
26,E,C,3,low,low,41,0.8417,335,2,C,C3,2/C3/low
26,E,C,3,low,low,43,0.5322,137,2,C,C3,2/C3/low
26,E,C,3,low,low,53,0.1397,16,2,C,C3,2/C3/low
26,W,C,3,conv,conv,21,19.1,14526.66667,2,C,C3,2/C3/conv
26,W,C,3,conv,conv,23,28,15197.33333,2,C,C3,2/C3/conv
26,W,C,3,conv,conv,27,8.1,7103.333333,2,C,C3,2/C3/conv
27,E,S,2,conv,low,19,40.7,57483.33333,2,S,S2,2/S2/low
27,E,S,2,conv,low,25,0.7,758,2,S,S2,2/S2/low
27,E,S,2,conv,low,94,3.7,4732,2,S,S2,2/S2/low
27,W,S,2,conv,conv,22,60.6,40996.66667,2,S,S2,2/S2/conv
27,W,S,2,conv,conv,27,12.9,7273.333333,2,S,S2,2/S2/conv
27,W,S,2,conv,conv,36,44.7,47341,2,S,S2,2/S2/conv
27,W,S,2,conv,conv,38,4.4549,3641.333333,2,S,S2,2/S2/conv
27,W,S,2,conv,conv,75,23.2,20586.33333,2,S,S2,2/S2/conv
27,W,S,2,conv,conv,102,1.208,669,2,S,S2,2/S2/conv
28,E,C,4,low,low,3,0.1183,55,2,C,C4,2/C4/low
28,E,C,2,low,low,4,3.0832,2255,2,C,C2,2/C2/low
28,E,C,4,low,low,6,0.3742,96,2,C,C4,2/C4/low
28,E,C,4,low,low,7,0.086,5,2,C,C4,2/C4/low
28,E,C,4,low,low,10,0.129,12,2,C,C4,2/C4/low
28,E,C,4,low,low,15,3.2022,2133,2,C,C4,2/C4/low
28,W,C,4,conv,conv,2,2.0494,79,2,C,C4,2/C4/conv
28,W,C,4,conv,conv,3,0.162,55,2,C,C4,2/C4/conv
28,W,C,4,conv,conv,4,0.9738,1,2,C,C4,2/C4/conv
28,W,C,4,conv,conv,10,8.9,7793.666667,2,C,C4,2/C4/conv
28,W,C,4,conv,conv,11,2.7351,24355.66667,2,C,C4,2/C4/conv
29,E,S,4,conv,low,11,12.6,16152.66667,2,S,S4,2/S4/low
29,E,S,4,conv,low,13,21.1,26186,2,S,S4,2/S4/low
29,E,S,4,conv,low,17,19,24332,2,S,S4,2/S4/low
29,E,S,4,conv,low,21,28.8,4395.666667,2,S,S4,2/S4/low
29,E,S,4,conv,low,64,7.8,5480,2,S,S4,2/S4/low
29,E,S,4,conv,low,69,7.8,7146,2,S,S4,2/S4/low
29,W,S,4,conv,conv,1,7.4,8329.666667,2,S,S4,2/S4/conv
29,W,S,4,conv,conv,49,698.8,70938.33333,2,S,S4,2/S4/conv
29,W,S,4,conv,conv,55,87.1,89142.33333,2,S,S4,2/S4/conv
29,W,S,4,conv,conv,56,4.771,3310,2,S,S4,2/S4/conv
29,W,S,4,conv,conv,80,14.6,7780.666667,2,S,S4,2/S4/conv
29,W,S,4,conv,conv,100,2.2,1809.666667,2,S,S4,2/S4/conv
29,W,S,4,conv,conv,101,5,6250.333333,2,S,S4,2/S4/conv
31,E,A,4,conv,conv,6,0.2592,14,3,A,A4,3/A4/conv
31,E,A,4,conv,conv,7,0.0592,2,3,A,A4,3/A4/conv
31,E,A,4,conv,conv,9,0.203,0,3,A,A4,3/A4/conv
31,E,A,4,conv,conv,10,0.1192,0,3,A,A4,3/A4/conv
31,E,A,4,conv,conv,11,0.2174,34,3,A,A4,3/A4/conv
31,E,A,4,conv,conv,17,0.3833,0,3,A,A4,3/A4/conv
31,E,A,4,conv,conv,18,0.2989,3,3,A,A4,3/A4/conv
31,E,A,4,conv,conv,26,0.3144,0,3,A,A4,3/A4/conv
31,W,A,4,low,low,1,0.0583,0,3,A,A4,3/A4/low
31,W,A,4,low,low,1,0.4583,13,3,A,A4,3/A4/low
31,W,A,4,low,low,4,0.1449,0,3,A,A4,3/A4/low
31,W,A,4,low,low,9,0.3455,20,3,A,A4,3/A4/low
31,W,A,4,low,low,14,1.2654,1,3,A,A4,3/A4/low
31,W,A,4,low,low,22,0.8377,4,3,A,A4,3/A4/low
31,W,A,4,low,low,24,0.1288,0,3,A,A4,3/A4/low
32,E,S,4,conv,conv,1,1.347,70763,3,S,S4,3/S4/conv
32,E,S,4,conv,conv,6,6.7,5303.666667,3,S,S4,3/S4/conv
32,E,S,4,conv,conv,12,39.6,10226.33333,3,S,S4,3/S4/conv
32,E,S,4,conv,conv,15,5.1,7570.666667,3,S,S4,3/S4/conv
32,E,S,4,conv,conv,21,67,91292,3,S,S4,3/S4/conv
32,E,S,4,conv,conv,22,3.7,4476.333333,3,S,S4,3/S4/conv
32,E,S,4,conv,conv,28,179.8,58642.33333,3,S,S4,3/S4/conv
32,E,S,4,conv,conv,33,9.7,8536,3,S,S4,3/S4/conv
32,E,S,4,conv,conv,100,611.4,446457.3333,3,S,S4,3/S4/conv
32,E,S,4,conv,conv,101,282.5,344470.6667,3,S,S4,3/S4/conv
32,W,S,4,conv,low,14,72.1,58647.66667,3,S,S4,3/S4/low
33,E,O,3,conv,conv,1,0.1334,45,3,O,O3,3/O3/conv
33,E,O,3,conv,conv,1,0.7067,390,3,O,O3,3/O3/conv
33,E,O,3,conv,conv,2,0.3414,110,3,O,O3,3/O3/conv
33,E,O,3,conv,conv,7,1.5907,1513,3,O,O3,3/O3/conv
33,E,O,3,conv,conv,9,0.2533,90,3,O,O3,3/O3/conv
33,W,O,3,low,low,1,2.235,1422,3,O,O3,3/O3/low
33,W,O,3,low,low,2,0.2856,271,3,O,O3,3/O3/low
33,W,O,3,low,low,4,0.9739,362,3,O,O3,3/O3/low
33,W,O,3,low,low,6,0.4804,208,3,O,O3,3/O3/low
33,W,O,3,low,low,8,0.2979,254,3,O,O3,3/O3/low
33,W,O,3,low,low,9,0.2005,137,3,O,O3,3/O3/low
33,W,O,3,low,low,91,0.1486,219,3,O,O3,3/O3/low
34,E,C,2,conv,conv,1,17.4,13325.66667,3,C,C2,3/C2/conv
34,E,C,2,conv,conv,2,13.7,17095.33333,3,C,C2,3/C2/conv
34,E,C,2,conv,conv,9,15.3,19445.33333,3,C,C2,3/C2/conv
34,E,C,2,conv,conv,10,39.8,23883.33333,3,C,C2,3/C2/conv
34,E,C,2,conv,conv,11,15.2,13965.33333,3,C,C2,3/C2/conv
34,E,C,2,conv,conv,13,4.5,4072.333333,3,C,C2,3/C2/conv
34,E,C,2,conv,conv,31,2.5828,2315,3,C,C2,3/C2/conv
34,W,C,2,low,low,5,1.5182,405,3,C,C2,3/C2/low
34,W,C,2,low,low,7,0.0675,14,3,C,C2,3/C2/low
34,W,C,2,low,low,9,0.1305,22,3,C,C2,3/C2/low
34,W,C,2,low,low,20,0.6647,145,3,C,C2,3/C2/low
34,W,C,2,low,low,22,4,3557.333333,3,C,C2,3/C2/low
34,W,C,2,low,low,102,32.9,28242.33333,3,C,C2,3/C2/low
35,E,S,2,conv,conv,3,25.6,19752,3,S,S2,3/S2/conv
35,E,S,2,conv,conv,7,32.9,25753,3,S,S2,3/S2/conv
35,E,S,2,conv,conv,11,19.8,29089,3,S,S2,3/S2/conv
35,E,S,2,conv,conv,16,7.8,8259.666667,3,S,S2,3/S2/conv
35,E,S,2,conv,conv,17,5.5,6669.666667,3,S,S2,3/S2/conv
35,W,S,2,conv,low,24,66.3,78894,3,S,S2,3/S2/low
36,E,C,3,conv,conv,1,0.6594,87,3,C,C3,3/C3/conv
36,E,C,3,conv,conv,2,6.1,5283.333333,3,C,C3,3/C3/conv
36,E,C,3,conv,conv,19,5.7,3244,3,C,C3,3/C3/conv
36,W,C,3,low,low,3,2.2462,38,3,C,C3,3/C3/low
36,W,C,3,low,low,4,0.2211,21,3,C,C3,3/C3/low
36,W,C,3,low,low,7,0.9222,305,3,C,C3,3/C3/low
36,W,C,3,low,low,9,0.1717,20,3,C,C3,3/C3/low
36,W,C,3,low,low,11,0.0717,51,3,C,C3,3/C3/low
36,W,C,3,low,low,22,0.4726,101,3,C,C3,3/C3/low
37,E,C,4,conv,conv,15,171.8,156256.6667,3,C,C4,3/C4/conv
37,E,C,4,conv,conv,17,11.4,6454.333333,3,C,C4,3/C4/conv
37,E,C,4,conv,conv,19,2.577,1365,3,C,C4,3/C4/conv
37,E,C,4,conv,conv,23,0.8461,816,3,C,C4,3/C4/conv
37,E,C,4,conv,conv,24,0.5365,479,3,C,C4,3/C4/conv
37,E,C,4,conv,conv,27,#VALUE!,5989,3,C,C4,3/C4/conv
37,E,C,4,conv,conv,100,28.2,31088,3,C,C4,3/C4/conv
37,W,C,4,low,low,2,13.3,6927,3,C,C4,3/C4/low
37,W,C,4,low,low,5,6.4,8710.666667,3,C,C4,3/C4/low
37,W,C,4,low,low,6,4.7014,5653,3,C,C4,3/C4/low
37,W,C,4,low,low,9,0.6102,294,3,C,C4,3/C4/low
37,W,C,4,low,low,10,1.405,1964,3,C,C4,3/C4/low
37,W,C,4,low,low,12,0.1345,25,3,C,C4,3/C4/low
37,W,C,4,low,low,20,1.4729,84,3,C,C4,3/C4/low
38,W,S,3,conv,conv,10,15.5,244210,3,S,S3,3/S3/conv
38,W,S,3,conv,conv,19,27.7,30043.33333,3,S,S3,3/S3/conv
38,W,S,3,conv,conv,89,0.9296,.,3,S,S3,3/S3/conv
38,W,S,3,conv,conv,99,118.6,143301,3,S,S3,3/S3/conv
39,E,O,4,conv,conv,1,1.1877,142,3,O,O4,3/O4/conv
39,E,O,4,conv,conv,12,0.9893,680,3,O,O4,3/O4/conv
39,E,O,4,conv,conv,14,5.4,5126,3,O,O4,3/O4/conv
39,E,O,4,conv,conv,19,2.435,1808,3,O,O4,3/O4/conv
39,E,O,4,conv,conv,24,0.4474,636,3,O,O4,3/O4/conv
39,W,O,4,low,low,3,3.9,2950.333333,3,O,O4,3/O4/low
39,W,O,4,low,low,7,1.5563,647,3,O,O4,3/O4/low
39,W,O,4,low,low,8,1.9403,418,3,O,O4,3/O4/low
39,W,O,4,low,low,10,7.3,5089.666667,3,O,O4,3/O4/low
39,W,O,4,low,low,12,2,2685,3,O,O4,3/O4/low
39,W,O,4,low,low,13,5.8,2913.333333,3,O,O4,3/O4/low
41,E,O,4,conv,conv,1,7,3805.666667,4,O,O4,4/O4/conv
41,E,O,4,conv,conv,2,0.5494,179,4,O,O4,4/O4/conv
41,E,O,4,conv,conv,3,0.7187,31,4,O,O4,4/O4/conv
41,E,O,4,conv,conv,4,0.6554,205,4,O,O4,4/O4/conv
41,E,O,4,conv,conv,8,0.0582,62,4,O,O4,4/O4/conv
41,E,O,4,conv,conv,13,3.1,2158,4,O,O4,4/O4/conv
41,E,O,4,conv,conv,14,0.1259,66,4,O,O4,4/O4/conv
41,W,O,4,low,low,2,0.3325,127,4,O,O4,4/O4/low
41,W,O,4,low,low,3,0.8315,730,4,O,O4,4/O4/low
41,W,O,4,low,low,4,0.119,179,4,O,O4,4/O4/low
41,W,O,4,low,low,6,0.6489,591,4,O,O4,4/O4/low
41,W,O,4,low,low,9,1.3608,563,4,O,O4,4/O4/low
41,W,O,4,low,low,13,4.1,693,4,O,O4,4/O4/low
41,W,O,4,low,low,14,4.9,2081.666667,4,O,O4,4/O4/low
42,E,O,3,low,low,1,1.2426,151,4,O,O3,4/O3/low
42,E,O,3,low,low,2,0.1839,152,4,O,O3,4/O3/low
42,E,O,3,low,low,3,0.9694,26,4,O,O3,4/O3/low
42,E,O,3,low,low,5,0.0513,62,4,O,O3,4/O3/low
42,E,O,3,low,low,15,1.0421,277,4,O,O3,4/O3/low
42,E,O,3,low,low,21,0.5672,250,4,O,O3,4/O3/low
42,E,O,3,low,low,31,0.2699,123,4,O,O3,4/O3/low
42,W,O,3,conv,conv,1,0.1123,0,4,O,O3,4/O3/conv
42,W,O,3,conv,conv,2,0.5333,185,4,O,O3,4/O3/conv
42,W,O,3,conv,conv,9,0.4566,89,4,O,O3,4/O3/conv
42,W,O,3,conv,conv,10,2.7577,125,4,O,O3,4/O3/conv
42,W,O,3,conv,conv,61,0.2268,21,4,O,O3,4/O3/conv
43,E,C,2,low,low,1,0.1385,0,4,C,C2,4/C2/low
43,E,C,2,low,low,2,0.253,19,4,C,C2,4/C2/low
43,E,C,2,low,low,7,0.626,78,4,C,C2,4/C2/low
44,E,C,2,low,low,2,23.4,20337,4,C,C2,4/C2/low
44,E,C,2,low,low,3,0.601,498,4,C,C2,4/C2/low
44,E,C,2,low,low,14,1.6386,997,4,C,C2,4/C2/low
44,E,C,2,low,low,15,0.1365,3,4,C,C2,4/C2/low
44,E,C,2,low,low,15,1.0375,905,4,C,C2,4/C2/low
44,E,C,2,low,low,20,8.9,9159.333333,4,C,C2,4/C2/low
44,E,C,2,low,low,100,12.1,16152.33333,4,C,C2,4/C2/low
44,W,C,2,conv,conv,1,55.3,17766.33333,4,C,C2,4/C2/conv
44,W,C,2,conv,conv,5,0.6425,342,4,C,C2,4/C2/conv
44,W,C,2,conv,conv,8,4.0242,1046,4,C,C2,4/C2/conv
44,W,C,2,conv,conv,16,0.5665,522,4,C,C2,4/C2/conv
44,W,C,2,conv,conv,22,7.1,5722.333333,4,C,C2,4/C2/conv
44,W,C,2,conv,conv,47,3.506,4007,4,C,C2,4/C2/conv
44,W,C,2,conv,conv,48,7.9,8805,4,C,C2,4/C2/conv
44,W,C,2,conv,conv,103,12.3,7699.333333,4,C,C2,4/C2/conv
45,E,S,2,conv,conv,14,31.1,30175,4,S,S2,4/S2/conv
45,E,S,2,conv,conv,34,57.7,53456,4,S,S2,4/S2/conv
45,W,C,2,conv,conv,10,22.5,37876,4,C,C2,4/C2/conv
45,W,C,2,conv,conv,16,42,64783.66667,4,C,C2,4/C2/conv
45,W,C,2,conv,low,27,383.5,416298.6667,4,C,C2,4/C2/low
45,W,S,2,conv,low,30,113.1,54736.66667,4,S,S2,4/S2/low
45,W,C,2,conv,conv,80,7.8,11847.33333,4,C,C2,4/C2/conv
46,W,C,4,low,low,1,0.0418,2,4,C,C4,4/C4/low
46,W,C,4,low,low,5,0.0848,13,4,C,C4,4/C4/low
46,W,C,4,low,low,10,0.1607,46,4,C,C4,4/C4/low
46,W,C,4,low,low,12,0.9303,519,4,C,C4,4/C4/low
46,W,C,4,low,low,15,0.2342,126,4,C,C4,4/C4/low
47,E,C,3,low,low,4,0.1346,73,4,C,C3,4/C3/low
47,E,C,3,low,low,5,0.6003,11,4,C,C3,4/C3/low
47,E,C,3,low,low,8,0.2015,75,4,C,C3,4/C3/low
47,E,C,3,low,low,9,0.1012,33,4,C,C3,4/C3/low
47,E,C,3,low,low,10,0.4834,379,4,C,C3,4/C3/low
47,E,C,3,low,low,11,0.5644,577,4,C,C3,4/C3/low
47,E,C,3,low,low,12,0.0453,9,4,C,C3,4/C3/low
47,E,C,3,low,low,14,1.0021,912,4,C,C3,4/C3/low
47,W,C,3,conv,conv,2,0.2437,80,4,C,C3,4/C3/conv
47,W,C,3,conv,conv,20,17.4,8829.666667,4,C,C3,4/C3/conv
48,E,S,3,conv,conv,71,19.3,28872.33333,4,S,S3,4/S3/conv
48,W,S,3,conv,low,3,7.1,5923.666667,4,S,S3,4/S3/low
48,W,S,3,conv,low,5,132.8,101806,4,S,S3,4/S3/low
48,W,S,3,conv,low,6,20.7,27642,4,S,S3,4/S3/low
48,W,S,3,conv,low,9,223.1,203096,4,S,S3,4/S3/low
48,W,S,3,conv,low,9,71.2,203096,4,S,S3,4/S3/low
48,W,S,3,conv,low,11,22.6,21578.33333,4,S,S3,4/S3/low
48,W,S,3,conv,low,37,65.6,69904.66667,4,S,S3,4/S3/low
48,W,S,3,conv,low,59,465.2,755203.6667,4,S,S3,4/S3/low
48,W,S,3,conv,low,80,11.3,2857,4,S,S3,4/S3/low
49,E,S,4,conv,conv,10,67.8,88444.66667,4,S,S4,4/S4/conv
49,E,S,4,conv,conv,38,113.7,171532.3333,4,S,S4,4/S4/conv
49,E,S,4,conv,conv,41,2.5,1601.666667,4,S,S4,4/S4/conv
49,W,S,4,conv,low,2,44.8,25044.33333,4,S,S4,4/S4/low
49,W,S,4,conv,low,10,5.4,4338.333333,4,S,S4,4/S4/low
49,W,S,4,conv,low,20,9.8,5709.666667,4,S,S4,4/S4/low
49,W,S,4,conv,low,40,80.2,23672.33333,4,S,S4,4/S4/low